date,species,est_size,gridref,gender
20070202,orca,2700,49205407,f
20070708,orca,2900,49205408,f
20071222,grey,27400,49115407,m
20071202,humpback,29000,49105412,f
20110302,grey,26000,49105412,m
20070402,orca,3000,49105411,m
20071104,porpoise,400,49095312,f
20070312,orca,27400,49115407,m
20070222,humpback,31500,49105411,f
20080102,humpback,29500,49095510,m